FUNC,SEG
FUNC001,SEG001
FUNC001,SEG002
FUNC001,SEG003
FUNC001,SEG004
FUNC001,SEG005
FUNC002,SEG006
FUNC002,SEG007
FUNC003,SEG008
FUNC003,SEG009
FUNC003,SEG010
FUNC003,SEG011
FUNC003,SEG012
FUNC004,SEG013
FUNC004,SEG014
FUNC005,SEG015
FUNC005,SEG016
FUNC005,SEG017
FUNC006,SEG018
FUNC006,SEG019
FUNC007,SEG020
FUNC007,SEG021
FUNC007,SEG022
FUNC008,SEG023
FUNC008,SEG024
FUNC008,SEG025
FUNC008,SEG026
FUNC009,SEG027
FUNC009,SEG028
FUNC010,SEG029
FUNC010,SEG030
FUNC010,SEG031
FUNC011,SEG032
FUNC011,SEG033
FUNC011,SEG034
